NAME,YEAR,CATEGORY,SUB_CATEGORY,MONTH,VALUE
401k,2024,INCOME,EMPLOYEE_BENEFIT,JANUARY,1211.56
401k,2023,INCOME,EMPLOYEE_BENEFIT,JANUARY,
American Express,2024,BANK,CARD,JANUARY,1308.0
American Express,2023,BANK,CARD,JANUARY,
Apple,2024,BANK,CARD,JANUARY,0.0
Apple,2023,BANK,CARD,JANUARY,
Chase,2024,BANK,CARD,JANUARY,71.0
Chase,2023,BANK,CARD,JANUARY,135.87
Debt re-payment,2024,EXPENSE,OTHER,JANUARY,500.0
Debt re-payment,2023,EXPENSE,OTHER,JANUARY,
Discover,2024,BANK,CARD,JANUARY,96.0
Discover,2023,BANK,CARD,JANUARY,2403.19
Discover,2022,BANK,CARD,JANUARY,979.0
Discover,2021,BANK,CARD,JANUARY,
Dividends,2024,INCOME,OTHER,JANUARY,
Dividends,2023,INCOME,OTHER,JANUARY,
Dividends,2022,INCOME,OTHER,JANUARY,
Dividends,2021,INCOME,OTHER,JANUARY,
Electricity,2024,EXPENSE,UTILITY,JANUARY,57.5
Electricity,2023,EXPENSE,UTILITY,JANUARY,42.42
Electricity,2022,EXPENSE,UTILITY,JANUARY,51.5
Electricity,2021,EXPENSE,UTILITY,JANUARY,
Gas,2024,EXPENSE,UTILITY,JANUARY,62.0
Gas,2023,EXPENSE,UTILITY,JANUARY,61.5
Gas,2022,EXPENSE,UTILITY,JANUARY,35.0
Gas,2021,EXPENSE,UTILITY,JANUARY,
Gifts Received,2024,INCOME,OTHER,JANUARY,
Gifts Received,2023,INCOME,OTHER,JANUARY,
Gifts Received,2022,INCOME,OTHER,JANUARY,
Gifts Received,2021,INCOME,OTHER,JANUARY,
Health Saving Account,2024,INCOME,EMPLOYEE_BENEFIT,JANUARY,38.46
Health Saving Account,2023,INCOME,EMPLOYEE_BENEFIT,JANUARY,
Internet,2024,EXPENSE,UTILITY,JANUARY,32.5
Internet,2023,EXPENSE,UTILITY,JANUARY,33.0
Internet,2022,EXPENSE,UTILITY,JANUARY,27.945
Internet,2021,EXPENSE,UTILITY,JANUARY,
loan,2024,INCOME,OTHER,JANUARY,
loan,2023,INCOME,OTHER,JANUARY,
loan,2022,INCOME,OTHER,JANUARY,1700.0
loan,2021,INCOME,OTHER,JANUARY,
Other,2024,INCOME,OTHER,JANUARY,
Other,2023,INCOME,OTHER,JANUARY,
Other,2022,INCOME,OTHER,JANUARY,
Other,2021,INCOME,OTHER,JANUARY,
Other,2022,EXPENSE,OTHER,JANUARY,
Other USAA,2024,BANK,CARD,JANUARY,270.0
Other USAA,2023,BANK,CARD,JANUARY,
Phone,2024,EXPENSE,UTILITY,JANUARY,73.0
Phone,2023,EXPENSE,UTILITY,JANUARY,
Phone,2022,EXPENSE,UTILITY,JANUARY,
Phone,2021,EXPENSE,UTILITY,JANUARY,
Refunds/Reimbursements,2024,INCOME,OTHER,JANUARY,0.0
Refunds/Reimbursements,2023,INCOME,OTHER,JANUARY,
Refunds/Reimbursements,2022,INCOME,OTHER,JANUARY,
Refunds/Reimbursements,2021,INCOME,OTHER,JANUARY,
Rent,2023,EXPENSE,RENT,JANUARY,1027.0
Rent,2022,EXPENSE,RENT,JANUARY,963.38
Rent,2021,EXPENSE,RENT,JANUARY,
Rent,2024,EXPENSE,RENT,JANUARY,1070.5
Stock Purchase Plan,2024,INCOME,EMPLOYEE_BENEFIT,JANUARY,866.0
Stock Purchase Plan,2023,INCOME,EMPLOYEE_BENEFIT,JANUARY,
Transfer From Savings,2021,INCOME,OTHER,JANUARY,
venmo,2024,INCOME,OTHER,JANUARY,86.0
venmo,2023,INCOME,OTHER,JANUARY,
venmo,2022,INCOME,OTHER,JANUARY,
Wage,2024,INCOME,WAGE,JANUARY,4586.0
Wage,2023,INCOME,WAGE,JANUARY,0.0
wage,2022,INCOME,WAGE,JANUARY,1100.0
Wage,2021,INCOME,WAGE,JANUARY,
Water/Sewer/Trash,2024,EXPENSE,UTILITY,JANUARY,
Water/Sewer/Trash,2023,EXPENSE,UTILITY,JANUARY,
Water/Sewer/Trash,2022,EXPENSE,UTILITY,JANUARY,
Water/Sewer/Trash,2021,EXPENSE,UTILITY,JANUARY,
401k,2024,INCOME,EMPLOYEE_BENEFIT,FEBUARY,1211.56
401k,2023,INCOME,EMPLOYEE_BENEFIT,FEBUARY,
American Express,2024,BANK,CARD,FEBUARY,5964.0
American Express,2023,BANK,CARD,FEBUARY,
Apple,2024,BANK,CARD,FEBUARY,0.0
Apple,2023,BANK,CARD,FEBUARY,
Chase,2024,BANK,CARD,FEBUARY,64.0
Chase,2023,BANK,CARD,FEBUARY,30.0
Debt re-payment,2024,EXPENSE,OTHER,FEBUARY,500.0
Debt re-payment,2023,EXPENSE,OTHER,FEBUARY,
Discover,2024,BANK,CARD,FEBUARY,84.0
Discover,2023,BANK,CARD,FEBUARY,1130.0
Discover,2022,BANK,CARD,FEBUARY,955.0
Discover,2021,BANK,CARD,FEBUARY,
Dividends,2024,INCOME,OTHER,FEBUARY,
Dividends,2023,INCOME,OTHER,FEBUARY,
Dividends,2022,INCOME,OTHER,FEBUARY,
Dividends,2021,INCOME,OTHER,FEBUARY,
Electricity,2024,EXPENSE,UTILITY,FEBUARY,46.5
Electricity,2023,EXPENSE,UTILITY,FEBUARY,45.0
Electricity,2022,EXPENSE,UTILITY,FEBUARY,47.5
Electricity,2021,EXPENSE,UTILITY,FEBUARY,
Gas,2024,EXPENSE,UTILITY,FEBUARY,53.5
Gas,2023,EXPENSE,UTILITY,FEBUARY,46.0
Gas,2022,EXPENSE,UTILITY,FEBUARY,42.5
Gas,2021,EXPENSE,UTILITY,FEBUARY,
Gifts Received,2024,INCOME,OTHER,FEBUARY,1000.0
Gifts Received,2023,INCOME,OTHER,FEBUARY,
Gifts Received,2022,INCOME,OTHER,FEBUARY,
Gifts Received,2021,INCOME,OTHER,FEBUARY,
Health Saving Account,2024,INCOME,EMPLOYEE_BENEFIT,FEBUARY,76.92
Health Saving Account,2023,INCOME,EMPLOYEE_BENEFIT,FEBUARY,
Internet,2024,EXPENSE,UTILITY,FEBUARY,32.5
Internet,2023,EXPENSE,UTILITY,FEBUARY,32.5
Internet,2022,EXPENSE,UTILITY,FEBUARY,27.945
Internet,2021,EXPENSE,UTILITY,FEBUARY,
loan,2024,INCOME,OTHER,FEBUARY,
loan,2023,INCOME,OTHER,FEBUARY,
loan,2022,INCOME,OTHER,FEBUARY,1700.0
loan,2021,INCOME,OTHER,FEBUARY,
Other,2024,INCOME,OTHER,FEBUARY,
Other,2023,INCOME,OTHER,FEBUARY,
Other,2022,INCOME,OTHER,FEBUARY,
Other,2021,INCOME,OTHER,FEBUARY,
Other,2022,EXPENSE,OTHER,FEBUARY,
Other USAA,2024,BANK,CARD,FEBUARY,0.0
Other USAA,2023,BANK,CARD,FEBUARY,
Phone,2024,EXPENSE,UTILITY,FEBUARY,73.0
Phone,2023,EXPENSE,UTILITY,FEBUARY,
Phone,2022,EXPENSE,UTILITY,FEBUARY,
Phone,2021,EXPENSE,UTILITY,FEBUARY,
Refunds/Reimbursements,2024,INCOME,OTHER,FEBUARY,198.0
Refunds/Reimbursements,2023,INCOME,OTHER,FEBUARY,
Refunds/Reimbursements,2022,INCOME,OTHER,FEBUARY,
Refunds/Reimbursements,2021,INCOME,OTHER,FEBUARY,
Rent,2023,EXPENSE,RENT,FEBUARY,1027.5
Rent,2022,EXPENSE,RENT,FEBUARY,965.5
Rent,2021,EXPENSE,RENT,FEBUARY,
Rent,2024,EXPENSE,RENT,FEBUARY,1069.0
Stock Purchase Plan,2024,INCOME,EMPLOYEE_BENEFIT,FEBUARY,866.0
Stock Purchase Plan,2023,INCOME,EMPLOYEE_BENEFIT,FEBUARY,
Transfer From Savings,2021,INCOME,OTHER,FEBUARY,
venmo,2024,INCOME,OTHER,FEBUARY,2653.0
venmo,2023,INCOME,OTHER,FEBUARY,
venmo,2022,INCOME,OTHER,FEBUARY,
Wage,2024,INCOME,WAGE,FEBUARY,4452.0
Wage,2023,INCOME,WAGE,FEBUARY,3205.0
wage,2022,INCOME,WAGE,FEBUARY,500.0
Wage,2021,INCOME,WAGE,FEBUARY,
Water/Sewer/Trash,2024,EXPENSE,UTILITY,FEBUARY,
Water/Sewer/Trash,2023,EXPENSE,UTILITY,FEBUARY,
Water/Sewer/Trash,2022,EXPENSE,UTILITY,FEBUARY,
Water/Sewer/Trash,2021,EXPENSE,UTILITY,FEBUARY,
401k,2024,INCOME,EMPLOYEE_BENEFIT,MARCH,1284.0
401k,2023,INCOME,EMPLOYEE_BENEFIT,MARCH,1209.0
American Express,2024,BANK,CARD,MARCH,1661.0
American Express,2023,BANK,CARD,MARCH,0.0
Apple,2024,BANK,CARD,MARCH,0.0
Apple,2023,BANK,CARD,MARCH,
Chase,2024,BANK,CARD,MARCH,16.0
Chase,2023,BANK,CARD,MARCH,164.0
Debt re-payment,2024,EXPENSE,OTHER,MARCH,500.0
Debt re-payment,2023,EXPENSE,OTHER,MARCH,500.0
Discover,2024,BANK,CARD,MARCH,72.0
Discover,2023,BANK,CARD,MARCH,2238.0
Discover,2022,BANK,CARD,MARCH,910.32
Discover,2021,BANK,CARD,MARCH,
Dividends,2024,INCOME,OTHER,MARCH,
Dividends,2023,INCOME,OTHER,MARCH,
Dividends,2022,INCOME,OTHER,MARCH,
Dividends,2021,INCOME,OTHER,MARCH,
Electricity,2024,EXPENSE,UTILITY,MARCH,56.0
Electricity,2023,EXPENSE,UTILITY,MARCH,39.5
Electricity,2022,EXPENSE,UTILITY,MARCH,55.13
Electricity,2021,EXPENSE,UTILITY,MARCH,
Gas,2024,EXPENSE,UTILITY,MARCH,48.0
Gas,2023,EXPENSE,UTILITY,MARCH,47.0
Gas,2022,EXPENSE,UTILITY,MARCH,45.75
Gas,2021,EXPENSE,UTILITY,MARCH,
Gifts Received,2024,INCOME,OTHER,MARCH,0.0
Gifts Received,2023,INCOME,OTHER,MARCH,
Gifts Received,2022,INCOME,OTHER,MARCH,
Gifts Received,2021,INCOME,OTHER,MARCH,
Health Saving Account,2024,INCOME,EMPLOYEE_BENEFIT,MARCH,76.92
Health Saving Account,2023,INCOME,EMPLOYEE_BENEFIT,MARCH,80.0
Internet,2024,EXPENSE,UTILITY,MARCH,32.5
Internet,2023,EXPENSE,UTILITY,MARCH,32.665
Internet,2022,EXPENSE,UTILITY,MARCH,27.945
Internet,2021,EXPENSE,UTILITY,MARCH,
loan,2024,INCOME,OTHER,MARCH,
loan,2023,INCOME,OTHER,MARCH,
loan,2022,INCOME,OTHER,MARCH,1700.0
loan,2021,INCOME,OTHER,MARCH,
Other,2024,INCOME,OTHER,MARCH,
Other,2023,INCOME,OTHER,MARCH,
Other,2022,INCOME,OTHER,MARCH,
Other,2021,INCOME,OTHER,MARCH,
Other,2022,EXPENSE,OTHER,MARCH,
Other USAA,2024,BANK,CARD,MARCH,43.0
Other USAA,2023,BANK,CARD,MARCH,
Phone,2024,EXPENSE,UTILITY,MARCH,73.0
Phone,2023,EXPENSE,UTILITY,MARCH,75.0
Phone,2022,EXPENSE,UTILITY,MARCH,
Phone,2021,EXPENSE,UTILITY,MARCH,
Refunds/Reimbursements,2024,INCOME,OTHER,MARCH,0.0
Refunds/Reimbursements,2023,INCOME,OTHER,MARCH,1393.0
Refunds/Reimbursements,2022,INCOME,OTHER,MARCH,1902.0
Refunds/Reimbursements,2021,INCOME,OTHER,MARCH,
Rent,2023,EXPENSE,RENT,MARCH,1078.5
Rent,2022,EXPENSE,RENT,MARCH,964.0
Rent,2021,EXPENSE,RENT,MARCH,
Rent,2024,EXPENSE,RENT,MARCH,1069.5
Stock Purchase Plan,2024,INCOME,EMPLOYEE_BENEFIT,MARCH,856.0
Stock Purchase Plan,2023,INCOME,EMPLOYEE_BENEFIT,MARCH,
Transfer From Savings,2021,INCOME,OTHER,MARCH,
venmo,2024,INCOME,OTHER,MARCH,
venmo,2023,INCOME,OTHER,MARCH,
venmo,2022,INCOME,OTHER,MARCH,
Wage,2024,INCOME,WAGE,MARCH,4676.0
Wage,2023,INCOME,WAGE,MARCH,4940.0
wage,2022,INCOME,WAGE,MARCH,500.0
Wage,2021,INCOME,WAGE,MARCH,
Water/Sewer/Trash,2024,EXPENSE,UTILITY,MARCH,
Water/Sewer/Trash,2023,EXPENSE,UTILITY,MARCH,
Water/Sewer/Trash,2022,EXPENSE,UTILITY,MARCH,
Water/Sewer/Trash,2021,EXPENSE,UTILITY,MARCH,
401k,2024,INCOME,EMPLOYEE_BENEFIT,APRIL,1240.0
401k,2023,INCOME,EMPLOYEE_BENEFIT,APRIL,1209.0
American Express,2024,BANK,CARD,APRIL,1864.0
American Express,2023,BANK,CARD,APRIL,2963.0
Apple,2024,BANK,CARD,APRIL,0.0
Apple,2023,BANK,CARD,APRIL,
Chase,2024,BANK,CARD,APRIL,85.0
Chase,2023,BANK,CARD,APRIL,41.64
Debt re-payment,2024,EXPENSE,OTHER,APRIL,500.0
Debt re-payment,2023,EXPENSE,OTHER,APRIL,500.0
Discover,2024,BANK,CARD,APRIL,9.0
Discover,2023,BANK,CARD,APRIL,656.0
Discover,2022,BANK,CARD,APRIL,1353.78
Discover,2021,BANK,CARD,APRIL,
Dividends,2024,INCOME,OTHER,APRIL,
Dividends,2023,INCOME,OTHER,APRIL,
Dividends,2022,INCOME,OTHER,APRIL,
Dividends,2021,INCOME,OTHER,APRIL,
Electricity,2024,EXPENSE,UTILITY,APRIL,53.0
Electricity,2023,EXPENSE,UTILITY,APRIL,50.5
Electricity,2022,EXPENSE,UTILITY,APRIL,51.115
Electricity,2021,EXPENSE,UTILITY,APRIL,
Gas,2024,EXPENSE,UTILITY,APRIL,48.0
Gas,2023,EXPENSE,UTILITY,APRIL,35.0
Gas,2022,EXPENSE,UTILITY,APRIL,37.205
Gas,2021,EXPENSE,UTILITY,APRIL,
Gifts Received,2024,INCOME,OTHER,APRIL,0.0
Gifts Received,2023,INCOME,OTHER,APRIL,
Gifts Received,2022,INCOME,OTHER,APRIL,
Gifts Received,2021,INCOME,OTHER,APRIL,
Health Saving Account,2024,INCOME,EMPLOYEE_BENEFIT,APRIL,76.92
Health Saving Account,2023,INCOME,EMPLOYEE_BENEFIT,APRIL,80.0
Internet,2024,EXPENSE,UTILITY,APRIL,32.5
Internet,2023,EXPENSE,UTILITY,APRIL,32.5
Internet,2022,EXPENSE,UTILITY,APRIL,27.945
Internet,2021,EXPENSE,UTILITY,APRIL,
loan,2024,INCOME,OTHER,APRIL,
loan,2023,INCOME,OTHER,APRIL,
loan,2022,INCOME,OTHER,APRIL,1700.0
loan,2021,INCOME,OTHER,APRIL,
Other,2024,INCOME,OTHER,APRIL,
Other,2023,INCOME,OTHER,APRIL,
Other,2022,INCOME,OTHER,APRIL,
Other,2021,INCOME,OTHER,APRIL,
Other,2022,EXPENSE,OTHER,APRIL,
Other USAA,2024,BANK,CARD,APRIL,0.0
Other USAA,2023,BANK,CARD,APRIL,
Phone,2024,EXPENSE,UTILITY,APRIL,73.0
Phone,2023,EXPENSE,UTILITY,APRIL,67.0
Phone,2022,EXPENSE,UTILITY,APRIL,
Phone,2021,EXPENSE,UTILITY,APRIL,
Refunds/Reimbursements,2024,INCOME,OTHER,APRIL,0.0
Refunds/Reimbursements,2023,INCOME,OTHER,APRIL,
Refunds/Reimbursements,2022,INCOME,OTHER,APRIL,146.0
Refunds/Reimbursements,2021,INCOME,OTHER,APRIL,
Rent,2023,EXPENSE,RENT,APRIL,1031.0
Rent,2022,EXPENSE,RENT,APRIL,970.35
Rent,2021,EXPENSE,RENT,APRIL,
Rent,2024,EXPENSE,RENT,APRIL,1070.5
Stock Purchase Plan,2024,INCOME,EMPLOYEE_BENEFIT,APRIL,856.0
Stock Purchase Plan,2023,INCOME,EMPLOYEE_BENEFIT,APRIL,
Transfer From Savings,2021,INCOME,OTHER,APRIL,
venmo,2024,INCOME,OTHER,APRIL,
venmo,2023,INCOME,OTHER,APRIL,312.0
venmo,2022,INCOME,OTHER,APRIL,
Wage,2024,INCOME,WAGE,APRIL,4546.0
Wage,2023,INCOME,WAGE,APRIL,4940.0
wage,2022,INCOME,WAGE,APRIL,500.0
Wage,2021,INCOME,WAGE,APRIL,
Water/Sewer/Trash,2024,EXPENSE,UTILITY,APRIL,
Water/Sewer/Trash,2023,EXPENSE,UTILITY,APRIL,
Water/Sewer/Trash,2022,EXPENSE,UTILITY,APRIL,
Water/Sewer/Trash,2021,EXPENSE,UTILITY,APRIL,
401k,2024,INCOME,EMPLOYEE_BENEFIT,MAY,1911.0
401k,2023,INCOME,EMPLOYEE_BENEFIT,MAY,1209.0
American Express,2024,BANK,CARD,MAY,1870.0
American Express,2023,BANK,CARD,MAY,1424.84
Apple,2024,BANK,CARD,MAY,0.0
Apple,2023,BANK,CARD,MAY,103.0
Chase,2024,BANK,CARD,MAY,113.0
Chase,2023,BANK,CARD,MAY,105.46
Debt re-payment,2024,EXPENSE,OTHER,MAY,500.0
Debt re-payment,2023,EXPENSE,OTHER,MAY,500.0
Discover,2024,BANK,CARD,MAY,9.0
Discover,2023,BANK,CARD,MAY,390.1
Discover,2022,BANK,CARD,MAY,2212.0
Discover,2021,BANK,CARD,MAY,
Dividends,2024,INCOME,OTHER,MAY,
Dividends,2023,INCOME,OTHER,MAY,
Dividends,2022,INCOME,OTHER,MAY,
Dividends,2021,INCOME,OTHER,MAY,
Electricity,2024,EXPENSE,UTILITY,MAY,64.0
Electricity,2023,EXPENSE,UTILITY,MAY,60.375
Electricity,2022,EXPENSE,UTILITY,MAY,56.0
Electricity,2021,EXPENSE,UTILITY,MAY,
Gas,2024,EXPENSE,UTILITY,MAY,37.0
Gas,2023,EXPENSE,UTILITY,MAY,34.0
Gas,2022,EXPENSE,UTILITY,MAY,31.0
Gas,2021,EXPENSE,UTILITY,MAY,
Gifts Received,2024,INCOME,OTHER,MAY,
Gifts Received,2023,INCOME,OTHER,MAY,
Gifts Received,2022,INCOME,OTHER,MAY,
Gifts Received,2021,INCOME,OTHER,MAY,
Health Saving Account,2024,INCOME,EMPLOYEE_BENEFIT,MAY,76.0
Health Saving Account,2023,INCOME,EMPLOYEE_BENEFIT,MAY,80.72
Internet,2024,EXPENSE,UTILITY,MAY,37.5
Internet,2023,EXPENSE,UTILITY,MAY,32.665
Internet,2022,EXPENSE,UTILITY,MAY,27.925
Internet,2021,EXPENSE,UTILITY,MAY,
loan,2024,INCOME,OTHER,MAY,
loan,2023,INCOME,OTHER,MAY,
loan,2022,INCOME,OTHER,MAY,1700.0
loan,2021,INCOME,OTHER,MAY,
Other,2024,INCOME,OTHER,MAY,
Other,2023,INCOME,OTHER,MAY,
Other,2022,INCOME,OTHER,MAY,
Other,2021,INCOME,OTHER,MAY,
Other,2022,EXPENSE,OTHER,MAY,
Other USAA,2024,BANK,CARD,MAY,0.0
Other USAA,2023,BANK,CARD,MAY,103.0
Phone,2024,EXPENSE,UTILITY,MAY,73.0
Phone,2023,EXPENSE,UTILITY,MAY,67.0
Phone,2022,EXPENSE,UTILITY,MAY,
Phone,2021,EXPENSE,UTILITY,MAY,
Refunds/Reimbursements,2024,INCOME,OTHER,MAY,14.0
Refunds/Reimbursements,2023,INCOME,OTHER,MAY,
Refunds/Reimbursements,2022,INCOME,OTHER,MAY,
Refunds/Reimbursements,2021,INCOME,OTHER,MAY,
Rent,2023,EXPENSE,RENT,MAY,1037.51
Rent,2022,EXPENSE,RENT,MAY,968.57
Rent,2021,EXPENSE,RENT,MAY,
Rent,2024,EXPENSE,RENT,MAY,1077.5
Stock Purchase Plan,2024,INCOME,EMPLOYEE_BENEFIT,MAY,1275.0
Stock Purchase Plan,2023,INCOME,EMPLOYEE_BENEFIT,MAY,
Transfer From Savings,2021,INCOME,OTHER,MAY,
venmo,2024,INCOME,OTHER,MAY,
venmo,2023,INCOME,OTHER,MAY,564.99
venmo,2022,INCOME,OTHER,MAY,
Wage,2024,INCOME,WAGE,MAY,6960.0
Wage,2023,INCOME,WAGE,MAY,4939.31
wage,2022,INCOME,WAGE,MAY,
Wage,2021,INCOME,WAGE,MAY,
Water/Sewer/Trash,2024,EXPENSE,UTILITY,MAY,
Water/Sewer/Trash,2023,EXPENSE,UTILITY,MAY,
Water/Sewer/Trash,2022,EXPENSE,UTILITY,MAY,
Water/Sewer/Trash,2021,EXPENSE,UTILITY,MAY,
401k,2024,INCOME,EMPLOYEE_BENEFIT,JUNE,849.0
401k,2023,INCOME,EMPLOYEE_BENEFIT,JUNE,1813.5
American Express,2024,BANK,CARD,JUNE,2593.0
American Express,2023,BANK,CARD,JUNE,2003.0
Apple,2024,BANK,CARD,JUNE,76.0
Apple,2023,BANK,CARD,JUNE,
Chase,2024,BANK,CARD,JUNE,44.0
Chase,2023,BANK,CARD,JUNE,292.0
Debt re-payment,2024,EXPENSE,OTHER,JUNE,500.0
Debt re-payment,2023,EXPENSE,OTHER,JUNE,500.0
Discover,2024,BANK,CARD,JUNE,8.0
Discover,2023,BANK,CARD,JUNE,139.0
Discover,2022,BANK,CARD,JUNE,1038.77
Discover,2021,BANK,CARD,JUNE,
Dividends,2024,INCOME,OTHER,JUNE,
Dividends,2023,INCOME,OTHER,JUNE,
Dividends,2022,INCOME,OTHER,JUNE,
Dividends,2021,INCOME,OTHER,JUNE,
Electricity,2024,EXPENSE,UTILITY,JUNE,106.5
Electricity,2023,EXPENSE,UTILITY,JUNE,91.5
Electricity,2022,EXPENSE,UTILITY,JUNE,83.105
Electricity,2021,EXPENSE,UTILITY,JUNE,
Gas,2024,EXPENSE,UTILITY,JUNE,37.5
Gas,2023,EXPENSE,UTILITY,JUNE,36.0
Gas,2022,EXPENSE,UTILITY,JUNE,29.5
Gas,2021,EXPENSE,UTILITY,JUNE,
Gifts Received,2024,INCOME,OTHER,JUNE,
Gifts Received,2023,INCOME,OTHER,JUNE,
Gifts Received,2022,INCOME,OTHER,JUNE,
Gifts Received,2021,INCOME,OTHER,JUNE,
Health Saving Account,2024,INCOME,EMPLOYEE_BENEFIT,JUNE,115.0
Health Saving Account,2023,INCOME,EMPLOYEE_BENEFIT,JUNE,80.72
Internet,2024,EXPENSE,UTILITY,JUNE,35.0
Internet,2023,EXPENSE,UTILITY,JUNE,32.5
Internet,2022,EXPENSE,UTILITY,JUNE,27.925
Internet,2021,EXPENSE,UTILITY,JUNE,
loan,2024,INCOME,OTHER,JUNE,
loan,2023,INCOME,OTHER,JUNE,
loan,2022,INCOME,OTHER,JUNE,
loan,2021,INCOME,OTHER,JUNE,
Other,2024,INCOME,OTHER,JUNE,
Other,2023,INCOME,OTHER,JUNE,
Other,2022,INCOME,OTHER,JUNE,
Other,2021,INCOME,OTHER,JUNE,
Other,2022,EXPENSE,OTHER,JUNE,
Other USAA,2024,BANK,CARD,JUNE,100.0
Other USAA,2023,BANK,CARD,JUNE,108.0
Phone,2024,EXPENSE,UTILITY,JUNE,73.0
Phone,2023,EXPENSE,UTILITY,JUNE,67.0
Phone,2022,EXPENSE,UTILITY,JUNE,
Phone,2021,EXPENSE,UTILITY,JUNE,
Refunds/Reimbursements,2024,INCOME,OTHER,JUNE,
Refunds/Reimbursements,2023,INCOME,OTHER,JUNE,
Refunds/Reimbursements,2022,INCOME,OTHER,JUNE,
Refunds/Reimbursements,2021,INCOME,OTHER,JUNE,
Rent,2023,EXPENSE,RENT,JUNE,1088.0
Rent,2022,EXPENSE,RENT,JUNE,998.195
Rent,2021,EXPENSE,RENT,JUNE,
Rent,2024,EXPENSE,RENT,JUNE,1300.5
Stock Purchase Plan,2024,INCOME,EMPLOYEE_BENEFIT,JUNE,850.0
Stock Purchase Plan,2023,INCOME,EMPLOYEE_BENEFIT,JUNE,
Transfer From Savings,2021,INCOME,OTHER,JUNE,
venmo,2024,INCOME,OTHER,JUNE,91.0
venmo,2023,INCOME,OTHER,JUNE,564.99
venmo,2022,INCOME,OTHER,JUNE,
Wage,2024,INCOME,WAGE,JUNE,4640.0
Wage,2023,INCOME,WAGE,JUNE,7410.0
wage,2022,INCOME,WAGE,JUNE,4464.28
Wage,2021,INCOME,WAGE,JUNE,
Water/Sewer/Trash,2024,EXPENSE,UTILITY,JUNE,
Water/Sewer/Trash,2023,EXPENSE,UTILITY,JUNE,
Water/Sewer/Trash,2022,EXPENSE,UTILITY,JUNE,
Water/Sewer/Trash,2021,EXPENSE,UTILITY,JUNE,
401k,2024,INCOME,EMPLOYEE_BENEFIT,JULY,1272.0
401k,2023,INCOME,EMPLOYEE_BENEFIT,JULY,1209.0
American Express,2024,BANK,CARD,JULY,2587.0
American Express,2023,BANK,CARD,JULY,1572.17
Apple,2024,BANK,CARD,JULY,90.0
Apple,2023,BANK,CARD,JULY,207.0
Chase,2024,BANK,CARD,JULY,38.0
Chase,2023,BANK,CARD,JULY,125.0
Debt re-payment,2024,EXPENSE,OTHER,JULY,500.0
Debt re-payment,2023,EXPENSE,OTHER,JULY,500.0
Discover,2024,BANK,CARD,JULY,4.0
Discover,2023,BANK,CARD,JULY,216.0
Discover,2022,BANK,CARD,JULY,1760.39
Discover,2021,BANK,CARD,JULY,
Dividends,2024,INCOME,OTHER,JULY,
Dividends,2023,INCOME,OTHER,JULY,
Dividends,2022,INCOME,OTHER,JULY,
Dividends,2021,INCOME,OTHER,JULY,
Electricity,2024,EXPENSE,UTILITY,JULY,92.0
Electricity,2023,EXPENSE,UTILITY,JULY,101.0
Electricity,2022,EXPENSE,UTILITY,JULY,78.5
Electricity,2021,EXPENSE,UTILITY,JULY,
Gas,2024,EXPENSE,UTILITY,JULY,35.0
Gas,2023,EXPENSE,UTILITY,JULY,34.0
Gas,2022,EXPENSE,UTILITY,JULY,30.0
Gas,2021,EXPENSE,UTILITY,JULY,
Gifts Received,2024,INCOME,OTHER,JULY,
Gifts Received,2023,INCOME,OTHER,JULY,
Gifts Received,2022,INCOME,OTHER,JULY,
Gifts Received,2021,INCOME,OTHER,JULY,
Health Saving Account,2024,INCOME,EMPLOYEE_BENEFIT,JULY,76.0
Health Saving Account,2023,INCOME,EMPLOYEE_BENEFIT,JULY,81.26
Internet,2024,EXPENSE,UTILITY,JULY,35.0
Internet,2023,EXPENSE,UTILITY,JULY,32.5
Internet,2022,EXPENSE,UTILITY,JULY,32.97
Internet,2021,EXPENSE,UTILITY,JULY,
loan,2024,INCOME,OTHER,JULY,
loan,2023,INCOME,OTHER,JULY,
loan,2022,INCOME,OTHER,JULY,
loan,2021,INCOME,OTHER,JULY,
Other,2024,INCOME,OTHER,JULY,
Other,2023,INCOME,OTHER,JULY,
Other,2022,INCOME,OTHER,JULY,
Other,2021,INCOME,OTHER,JULY,
Other,2022,EXPENSE,OTHER,JULY,
Other USAA,2024,BANK,CARD,JULY,275.0
Other USAA,2023,BANK,CARD,JULY,
Phone,2024,EXPENSE,UTILITY,JULY,73.0
Phone,2023,EXPENSE,UTILITY,JULY,67.0
Phone,2022,EXPENSE,UTILITY,JULY,
Phone,2021,EXPENSE,UTILITY,JULY,
Refunds/Reimbursements,2024,INCOME,OTHER,JULY,
Refunds/Reimbursements,2023,INCOME,OTHER,JULY,114.0
Refunds/Reimbursements,2022,INCOME,OTHER,JULY,
Refunds/Reimbursements,2021,INCOME,OTHER,JULY,
Rent,2023,EXPENSE,RENT,JULY,1068.245
Rent,2022,EXPENSE,RENT,JULY,1030.0
Rent,2021,EXPENSE,RENT,JULY,359.5
Rent,2024,EXPENSE,RENT,JULY,346.5
Stock Purchase Plan,2024,INCOME,EMPLOYEE_BENEFIT,JULY,848.0
Stock Purchase Plan,2023,INCOME,EMPLOYEE_BENEFIT,JULY,806.0
Transfer From Savings,2021,INCOME,OTHER,JULY,
venmo,2024,INCOME,OTHER,JULY,
venmo,2023,INCOME,OTHER,JULY,10.0
venmo,2022,INCOME,OTHER,JULY,
Wage,2024,INCOME,WAGE,JULY,4648.0
Wage,2023,INCOME,WAGE,JULY,4134.0
wage,2022,INCOME,WAGE,JULY,3681.26
Wage,2021,INCOME,WAGE,JULY,
Water/Sewer/Trash,2024,EXPENSE,UTILITY,JULY,
Water/Sewer/Trash,2023,EXPENSE,UTILITY,JULY,
Water/Sewer/Trash,2022,EXPENSE,UTILITY,JULY,
Water/Sewer/Trash,2021,EXPENSE,UTILITY,JULY,
401k,2024,INCOME,EMPLOYEE_BENEFIT,AUGUST,1272.0
401k,2023,INCOME,EMPLOYEE_BENEFIT,AUGUST,1254.0
American Express,2024,BANK,CARD,AUGUST,2429.0
American Express,2023,BANK,CARD,AUGUST,2238.0
Apple,2024,BANK,CARD,AUGUST,0.0
Apple,2023,BANK,CARD,AUGUST,
Chase,2024,BANK,CARD,AUGUST,23.0
Chase,2023,BANK,CARD,AUGUST,320.0
Debt re-payment,2024,EXPENSE,OTHER,AUGUST,500.0
Debt re-payment,2023,EXPENSE,OTHER,AUGUST,500.0
Discover,2024,BANK,CARD,AUGUST,4.0
Discover,2023,BANK,CARD,AUGUST,186.0
Discover,2022,BANK,CARD,AUGUST,1111.0
Discover,2021,BANK,CARD,AUGUST,
Dividends,2024,INCOME,OTHER,AUGUST,
Dividends,2023,INCOME,OTHER,AUGUST,
Dividends,2022,INCOME,OTHER,AUGUST,
Dividends,2021,INCOME,OTHER,AUGUST,
Electricity,2024,EXPENSE,UTILITY,AUGUST,19.4
Electricity,2023,EXPENSE,UTILITY,AUGUST,79.5
Electricity,2022,EXPENSE,UTILITY,AUGUST,71.5
Electricity,2021,EXPENSE,UTILITY,AUGUST,
Gas,2024,EXPENSE,UTILITY,AUGUST,11.0
Gas,2023,EXPENSE,UTILITY,AUGUST,34.0
Gas,2022,EXPENSE,UTILITY,AUGUST,40.885
Gas,2021,EXPENSE,UTILITY,AUGUST,
Gifts Received,2024,INCOME,OTHER,AUGUST,
Gifts Received,2023,INCOME,OTHER,AUGUST,
Gifts Received,2022,INCOME,OTHER,AUGUST,
Gifts Received,2021,INCOME,OTHER,AUGUST,
Health Saving Account,2024,INCOME,EMPLOYEE_BENEFIT,AUGUST,76.0
Health Saving Account,2023,INCOME,EMPLOYEE_BENEFIT,AUGUST,81.26
Internet,2024,EXPENSE,UTILITY,AUGUST,0.0
Internet,2023,EXPENSE,UTILITY,AUGUST,32.5
Internet,2022,EXPENSE,UTILITY,AUGUST,33.0
Internet,2021,EXPENSE,UTILITY,AUGUST,
loan,2024,INCOME,OTHER,AUGUST,
loan,2023,INCOME,OTHER,AUGUST,
loan,2022,INCOME,OTHER,AUGUST,1700.0
loan,2021,INCOME,OTHER,AUGUST,
Other,2024,INCOME,OTHER,AUGUST,188.0
Other,2023,INCOME,OTHER,AUGUST,
Other,2022,INCOME,OTHER,AUGUST,
Other,2021,INCOME,OTHER,AUGUST,
Other,2022,EXPENSE,OTHER,AUGUST,
Other USAA,2024,BANK,CARD,AUGUST,221.0
Other USAA,2023,BANK,CARD,AUGUST,296.0
Phone,2024,EXPENSE,UTILITY,AUGUST,73.0
Phone,2023,EXPENSE,UTILITY,AUGUST,199.0
Phone,2022,EXPENSE,UTILITY,AUGUST,
Phone,2021,EXPENSE,UTILITY,AUGUST,
Refunds/Reimbursements,2024,INCOME,OTHER,AUGUST,
Refunds/Reimbursements,2023,INCOME,OTHER,AUGUST,
Refunds/Reimbursements,2022,INCOME,OTHER,AUGUST,21.42
Refunds/Reimbursements,2021,INCOME,OTHER,AUGUST,
Rent,2023,EXPENSE,RENT,AUGUST,1062.5
Rent,2022,EXPENSE,RENT,AUGUST,1031.82
Rent,2021,EXPENSE,RENT,AUGUST,
Rent,2024,EXPENSE,RENT,AUGUST,585.5
Stock Purchase Plan,2024,INCOME,EMPLOYEE_BENEFIT,AUGUST,848.0
Stock Purchase Plan,2023,INCOME,EMPLOYEE_BENEFIT,AUGUST,837.7
Transfer From Savings,2021,INCOME,OTHER,AUGUST,
venmo,2024,INCOME,OTHER,AUGUST,
venmo,2023,INCOME,OTHER,AUGUST,131.0
venmo,2022,INCOME,OTHER,AUGUST,
Wage,2024,INCOME,WAGE,AUGUST,4648.0
Wage,2023,INCOME,WAGE,AUGUST,4508.46
wage,2022,INCOME,WAGE,AUGUST,
Wage,2021,INCOME,WAGE,AUGUST,
Water/Sewer/Trash,2024,EXPENSE,UTILITY,AUGUST,
Water/Sewer/Trash,2023,EXPENSE,UTILITY,AUGUST,
Water/Sewer/Trash,2022,EXPENSE,UTILITY,AUGUST,
Water/Sewer/Trash,2021,EXPENSE,UTILITY,AUGUST,
401k,2024,INCOME,EMPLOYEE_BENEFIT,SEPTEMBER,1272.0
401k,2023,INCOME,EMPLOYEE_BENEFIT,SEPTEMBER,1209.0
American Express,2024,BANK,CARD,SEPTEMBER,1174.0
American Express,2023,BANK,CARD,SEPTEMBER,2516.0
Apple,2024,BANK,CARD,SEPTEMBER,0.0
Apple,2023,BANK,CARD,SEPTEMBER,53.0
Chase,2024,BANK,CARD,SEPTEMBER,176.0
Chase,2023,BANK,CARD,SEPTEMBER,414.48
Debt re-payment,2024,EXPENSE,OTHER,SEPTEMBER,500.0
Debt re-payment,2023,EXPENSE,OTHER,SEPTEMBER,500.0
Discover,2024,BANK,CARD,SEPTEMBER,0.0
Discover,2023,BANK,CARD,SEPTEMBER,108.21
Discover,2022,BANK,CARD,SEPTEMBER,799.0
Discover,2021,BANK,CARD,SEPTEMBER,1364.0
Dividends,2024,INCOME,OTHER,SEPTEMBER,
Dividends,2023,INCOME,OTHER,SEPTEMBER,
Dividends,2022,INCOME,OTHER,SEPTEMBER,
Dividends,2021,INCOME,OTHER,SEPTEMBER,
Electricity,2024,EXPENSE,UTILITY,SEPTEMBER,0.0
Electricity,2023,EXPENSE,UTILITY,SEPTEMBER,92.0
Electricity,2022,EXPENSE,UTILITY,SEPTEMBER,81.5
Electricity,2021,EXPENSE,UTILITY,SEPTEMBER,71.0
Gas,2024,EXPENSE,UTILITY,SEPTEMBER,0.0
Gas,2023,EXPENSE,UTILITY,SEPTEMBER,30.5
Gas,2022,EXPENSE,UTILITY,SEPTEMBER,29.0
Gas,2021,EXPENSE,UTILITY,SEPTEMBER,26.0
Gifts Received,2024,INCOME,OTHER,SEPTEMBER,
Gifts Received,2023,INCOME,OTHER,SEPTEMBER,
Gifts Received,2022,INCOME,OTHER,SEPTEMBER,155.0
Gifts Received,2021,INCOME,OTHER,SEPTEMBER,
Health Saving Account,2024,INCOME,EMPLOYEE_BENEFIT,SEPTEMBER,76.0
Health Saving Account,2023,INCOME,EMPLOYEE_BENEFIT,SEPTEMBER,80.72
Internet,2024,EXPENSE,UTILITY,SEPTEMBER,0.0
Internet,2023,EXPENSE,UTILITY,SEPTEMBER,32.5
Internet,2022,EXPENSE,UTILITY,SEPTEMBER,33.0
Internet,2021,EXPENSE,UTILITY,SEPTEMBER,28.0
loan,2024,INCOME,OTHER,SEPTEMBER,
loan,2023,INCOME,OTHER,SEPTEMBER,
loan,2022,INCOME,OTHER,SEPTEMBER,
loan,2021,INCOME,OTHER,SEPTEMBER,1700.0
Other,2024,INCOME,OTHER,SEPTEMBER,
Other,2023,INCOME,OTHER,SEPTEMBER,
Other,2022,INCOME,OTHER,SEPTEMBER,
Other,2021,INCOME,OTHER,SEPTEMBER,60.0
Other,2022,EXPENSE,OTHER,SEPTEMBER,
Other USAA,2024,BANK,CARD,SEPTEMBER,109.0
Other USAA,2023,BANK,CARD,SEPTEMBER,109.0
Phone,2024,EXPENSE,UTILITY,SEPTEMBER,73.0
Phone,2023,EXPENSE,UTILITY,SEPTEMBER,72.87
Phone,2022,EXPENSE,UTILITY,SEPTEMBER,
Phone,2021,EXPENSE,UTILITY,SEPTEMBER,
Refunds/Reimbursements,2024,INCOME,OTHER,SEPTEMBER,160.0
Refunds/Reimbursements,2023,INCOME,OTHER,SEPTEMBER,58.99
Refunds/Reimbursements,2022,INCOME,OTHER,SEPTEMBER,885.0
Refunds/Reimbursements,2021,INCOME,OTHER,SEPTEMBER,
Rent,2023,EXPENSE,RENT,SEPTEMBER,1068.5
Rent,2022,EXPENSE,RENT,SEPTEMBER,981.5
Rent,2021,EXPENSE,RENT,SEPTEMBER,968.0
Rent,2024,EXPENSE,RENT,SEPTEMBER,600.0
Stock Purchase Plan,2024,INCOME,EMPLOYEE_BENEFIT,SEPTEMBER,848.0
Stock Purchase Plan,2023,INCOME,EMPLOYEE_BENEFIT,SEPTEMBER,806.0
Transfer From Savings,2021,INCOME,OTHER,SEPTEMBER,
venmo,2024,INCOME,OTHER,SEPTEMBER,566.0
venmo,2023,INCOME,OTHER,SEPTEMBER,497.0
venmo,2022,INCOME,OTHER,SEPTEMBER,1091.0
Wage,2024,INCOME,WAGE,SEPTEMBER,4648.0
Wage,2023,INCOME,WAGE,SEPTEMBER,4374.0
wage,2022,INCOME,WAGE,SEPTEMBER,
Wage,2021,INCOME,WAGE,SEPTEMBER,500.0
Water/Sewer/Trash,2024,EXPENSE,UTILITY,SEPTEMBER,
Water/Sewer/Trash,2023,EXPENSE,UTILITY,SEPTEMBER,
Water/Sewer/Trash,2022,EXPENSE,UTILITY,SEPTEMBER,
Water/Sewer/Trash,2021,EXPENSE,UTILITY,SEPTEMBER,
401k,2024,INCOME,EMPLOYEE_BENEFIT,OCTOBER,1272.0
401k,2023,INCOME,EMPLOYEE_BENEFIT,OCTOBER,1211.56
American Express,2024,BANK,CARD,OCTOBER,3131.0
American Express,2023,BANK,CARD,OCTOBER,1563.0
Apple,2024,BANK,CARD,OCTOBER,0.0
Apple,2023,BANK,CARD,OCTOBER,0.0
Chase,2024,BANK,CARD,OCTOBER,431.0
Chase,2023,BANK,CARD,OCTOBER,819.0
Debt re-payment,2024,EXPENSE,OTHER,OCTOBER,500.0
Debt re-payment,2023,EXPENSE,OTHER,OCTOBER,500.0
Discover,2024,BANK,CARD,OCTOBER,0.0
Discover,2023,BANK,CARD,OCTOBER,96.0
Discover,2022,BANK,CARD,OCTOBER,991.61
Discover,2021,BANK,CARD,OCTOBER,851.0
Dividends,2024,INCOME,OTHER,OCTOBER,
Dividends,2023,INCOME,OTHER,OCTOBER,
Dividends,2022,INCOME,OTHER,OCTOBER,
Dividends,2021,INCOME,OTHER,OCTOBER,
Electricity,2024,EXPENSE,UTILITY,OCTOBER,0.0
Electricity,2023,EXPENSE,UTILITY,OCTOBER,55.0
Electricity,2022,EXPENSE,UTILITY,OCTOBER,40.0
Electricity,2021,EXPENSE,UTILITY,OCTOBER,52.75
Gas,2024,EXPENSE,UTILITY,OCTOBER,0.0
Gas,2023,EXPENSE,UTILITY,OCTOBER,35.0
Gas,2022,EXPENSE,UTILITY,OCTOBER,45.0
Gas,2021,EXPENSE,UTILITY,OCTOBER,27.0
Gifts Received,2024,INCOME,OTHER,OCTOBER,
Gifts Received,2023,INCOME,OTHER,OCTOBER,
Gifts Received,2022,INCOME,OTHER,OCTOBER,100.0
Gifts Received,2021,INCOME,OTHER,OCTOBER,
Health Saving Account,2024,INCOME,EMPLOYEE_BENEFIT,OCTOBER,76.0
Health Saving Account,2023,INCOME,EMPLOYEE_BENEFIT,OCTOBER,80.72
Internet,2024,EXPENSE,UTILITY,OCTOBER,0.0
Internet,2023,EXPENSE,UTILITY,OCTOBER,33.0
Internet,2022,EXPENSE,UTILITY,OCTOBER,32.5
Internet,2021,EXPENSE,UTILITY,OCTOBER,27.945
loan,2024,INCOME,OTHER,OCTOBER,
loan,2023,INCOME,OTHER,OCTOBER,
loan,2022,INCOME,OTHER,OCTOBER,1700.0
loan,2021,INCOME,OTHER,OCTOBER,1700.0
Other,2024,INCOME,OTHER,OCTOBER,
Other,2023,INCOME,OTHER,OCTOBER,
Other,2022,INCOME,OTHER,OCTOBER,
Other,2021,INCOME,OTHER,OCTOBER,
Other,2022,EXPENSE,OTHER,OCTOBER,
Other USAA,2024,BANK,CARD,OCTOBER,8.5
Other USAA,2023,BANK,CARD,OCTOBER,
Phone,2024,EXPENSE,UTILITY,OCTOBER,70.0
Phone,2023,EXPENSE,UTILITY,OCTOBER,72.87
Phone,2022,EXPENSE,UTILITY,OCTOBER,
Phone,2021,EXPENSE,UTILITY,OCTOBER,
Refunds/Reimbursements,2024,INCOME,OTHER,OCTOBER,483.0
Refunds/Reimbursements,2023,INCOME,OTHER,OCTOBER,140.0
Refunds/Reimbursements,2022,INCOME,OTHER,OCTOBER,187.0
Refunds/Reimbursements,2021,INCOME,OTHER,OCTOBER,
Rent,2023,EXPENSE,RENT,OCTOBER,1073.5
Rent,2022,EXPENSE,RENT,OCTOBER,
Rent,2021,EXPENSE,RENT,OCTOBER,883.0
Rent,2024,EXPENSE,RENT,OCTOBER,600.0
Stock Purchase Plan,2024,INCOME,EMPLOYEE_BENEFIT,OCTOBER,848.0
Stock Purchase Plan,2023,INCOME,EMPLOYEE_BENEFIT,OCTOBER,
Transfer From Savings,2021,INCOME,OTHER,OCTOBER,
venmo,2024,INCOME,OTHER,OCTOBER,87.0
venmo,2023,INCOME,OTHER,OCTOBER,0.0
venmo,2022,INCOME,OTHER,OCTOBER,
Wage,2024,INCOME,WAGE,OCTOBER,4648.0
Wage,2023,INCOME,WAGE,OCTOBER,5182.6
wage,2022,INCOME,WAGE,OCTOBER,743.0
Wage,2021,INCOME,WAGE,OCTOBER,500.0
Water/Sewer/Trash,2024,EXPENSE,UTILITY,OCTOBER,
Water/Sewer/Trash,2023,EXPENSE,UTILITY,OCTOBER,
Water/Sewer/Trash,2022,EXPENSE,UTILITY,OCTOBER,
Water/Sewer/Trash,2021,EXPENSE,UTILITY,OCTOBER,91.0
401k,2024,INCOME,EMPLOYEE_BENEFIT,NOVEMBER,1941.0
401k,2023,INCOME,EMPLOYEE_BENEFIT,NOVEMBER,1817.34
American Express,2024,BANK,CARD,NOVEMBER,1436.0
American Express,2023,BANK,CARD,NOVEMBER,1357.0
Apple,2024,BANK,CARD,NOVEMBER,0.0
Apple,2023,BANK,CARD,NOVEMBER,50.0
Chase,2024,BANK,CARD,NOVEMBER,2094.0
Chase,2023,BANK,CARD,NOVEMBER,99.0
Debt re-payment,2024,EXPENSE,OTHER,NOVEMBER,500.0
Debt re-payment,2023,EXPENSE,OTHER,NOVEMBER,500.0
Discover,2024,BANK,CARD,NOVEMBER,0.0
Discover,2023,BANK,CARD,NOVEMBER,95.0
Discover,2022,BANK,CARD,NOVEMBER,1405.13
Discover,2021,BANK,CARD,NOVEMBER,975.55
Dividends,2024,INCOME,OTHER,NOVEMBER,
Dividends,2023,INCOME,OTHER,NOVEMBER,
Dividends,2022,INCOME,OTHER,NOVEMBER,
Dividends,2021,INCOME,OTHER,NOVEMBER,
Electricity,2024,EXPENSE,UTILITY,NOVEMBER,0.0
Electricity,2023,EXPENSE,UTILITY,NOVEMBER,45.0
Electricity,2022,EXPENSE,UTILITY,NOVEMBER,46.0
Electricity,2021,EXPENSE,UTILITY,NOVEMBER,84.3
Gas,2024,EXPENSE,UTILITY,NOVEMBER,0.0
Gas,2023,EXPENSE,UTILITY,NOVEMBER,39.5
Gas,2022,EXPENSE,UTILITY,NOVEMBER,42.0
Gas,2021,EXPENSE,UTILITY,NOVEMBER,55.0
Gifts Received,2024,INCOME,OTHER,NOVEMBER,
Gifts Received,2023,INCOME,OTHER,NOVEMBER,
Gifts Received,2022,INCOME,OTHER,NOVEMBER,
Gifts Received,2021,INCOME,OTHER,NOVEMBER,
Health Saving Account,2024,INCOME,EMPLOYEE_BENEFIT,NOVEMBER,114.0
Health Saving Account,2023,INCOME,EMPLOYEE_BENEFIT,NOVEMBER,121.08
Internet,2024,EXPENSE,UTILITY,NOVEMBER,0.0
Internet,2023,EXPENSE,UTILITY,NOVEMBER,33.0
Internet,2022,EXPENSE,UTILITY,NOVEMBER,15.165
Internet,2021,EXPENSE,UTILITY,NOVEMBER,27.945
loan,2024,INCOME,OTHER,NOVEMBER,
loan,2023,INCOME,OTHER,NOVEMBER,
loan,2022,INCOME,OTHER,NOVEMBER,1700.0
loan,2021,INCOME,OTHER,NOVEMBER,1700.0
Other,2024,INCOME,OTHER,NOVEMBER,
Other,2023,INCOME,OTHER,NOVEMBER,
Other,2022,INCOME,OTHER,NOVEMBER,
Other,2021,INCOME,OTHER,NOVEMBER,
Other,2022,EXPENSE,OTHER,NOVEMBER,
Other USAA,2024,BANK,CARD,NOVEMBER,1095.0
Other USAA,2023,BANK,CARD,NOVEMBER,275.0
Phone,2024,EXPENSE,UTILITY,NOVEMBER,75.0
Phone,2023,EXPENSE,UTILITY,NOVEMBER,72.87
Phone,2022,EXPENSE,UTILITY,NOVEMBER,
Phone,2021,EXPENSE,UTILITY,NOVEMBER,
Refunds/Reimbursements,2024,INCOME,OTHER,NOVEMBER,129.0
Refunds/Reimbursements,2023,INCOME,OTHER,NOVEMBER,0.0
Refunds/Reimbursements,2022,INCOME,OTHER,NOVEMBER,200.0
Refunds/Reimbursements,2021,INCOME,OTHER,NOVEMBER,
Rent,2023,EXPENSE,RENT,NOVEMBER,1075.0
Rent,2022,EXPENSE,RENT,NOVEMBER,1034.5
Rent,2021,EXPENSE,RENT,NOVEMBER,970.0
Rent,2024,EXPENSE,RENT,NOVEMBER,0.0
Stock Purchase Plan,2024,INCOME,EMPLOYEE_BENEFIT,NOVEMBER,1294.0
Stock Purchase Plan,2023,INCOME,EMPLOYEE_BENEFIT,NOVEMBER,
Transfer From Savings,2021,INCOME,OTHER,NOVEMBER,
venmo,2024,INCOME,OTHER,NOVEMBER,
venmo,2023,INCOME,OTHER,NOVEMBER,0.0
venmo,2022,INCOME,OTHER,NOVEMBER,
Wage,2024,INCOME,WAGE,NOVEMBER,7068.0
Wage,2023,INCOME,WAGE,NOVEMBER,7773.9
wage,2022,INCOME,WAGE,NOVEMBER,
Wage,2021,INCOME,WAGE,NOVEMBER,1100.0
Water/Sewer/Trash,2024,EXPENSE,UTILITY,NOVEMBER,
Water/Sewer/Trash,2023,EXPENSE,UTILITY,NOVEMBER,
Water/Sewer/Trash,2022,EXPENSE,UTILITY,NOVEMBER,
Water/Sewer/Trash,2021,EXPENSE,UTILITY,NOVEMBER,
401k,2024,INCOME,EMPLOYEE_BENEFIT,DECEMBER,
401k,2023,INCOME,EMPLOYEE_BENEFIT,DECEMBER,1211.56
American Express,2024,BANK,CARD,DECEMBER,
American Express,2023,BANK,CARD,DECEMBER,2845.0
Apple,2024,BANK,CARD,DECEMBER,
Apple,2023,BANK,CARD,DECEMBER,21.0
Chase,2024,BANK,CARD,DECEMBER,
Chase,2023,BANK,CARD,DECEMBER,155.0
Debt re-payment,2024,EXPENSE,OTHER,DECEMBER,
Debt re-payment,2023,EXPENSE,OTHER,DECEMBER,500.0
Discover,2024,BANK,CARD,DECEMBER,
Discover,2023,BANK,CARD,DECEMBER,96.0
Discover,2022,BANK,CARD,DECEMBER,
Discover,2021,BANK,CARD,DECEMBER,944.0
Dividends,2024,INCOME,OTHER,DECEMBER,
Dividends,2023,INCOME,OTHER,DECEMBER,
Dividends,2022,INCOME,OTHER,DECEMBER,
Dividends,2021,INCOME,OTHER,DECEMBER,
Electricity,2024,EXPENSE,UTILITY,DECEMBER,
Electricity,2023,EXPENSE,UTILITY,DECEMBER,43.5
Electricity,2022,EXPENSE,UTILITY,DECEMBER,48.0
Electricity,2021,EXPENSE,UTILITY,DECEMBER,50.275
Gas,2024,EXPENSE,UTILITY,DECEMBER,
Gas,2023,EXPENSE,UTILITY,DECEMBER,52.5
Gas,2022,EXPENSE,UTILITY,DECEMBER,41.0
Gas,2021,EXPENSE,UTILITY,DECEMBER,30.0
Gifts Received,2024,INCOME,OTHER,DECEMBER,
Gifts Received,2023,INCOME,OTHER,DECEMBER,
Gifts Received,2022,INCOME,OTHER,DECEMBER,
Gifts Received,2021,INCOME,OTHER,DECEMBER,
Health Saving Account,2024,INCOME,EMPLOYEE_BENEFIT,DECEMBER,
Health Saving Account,2023,INCOME,EMPLOYEE_BENEFIT,DECEMBER,80.72
Internet,2024,EXPENSE,UTILITY,DECEMBER,
Internet,2023,EXPENSE,UTILITY,DECEMBER,32.5
Internet,2022,EXPENSE,UTILITY,DECEMBER,32.5
Internet,2021,EXPENSE,UTILITY,DECEMBER,27.945
loan,2024,INCOME,OTHER,DECEMBER,
loan,2023,INCOME,OTHER,DECEMBER,
loan,2022,INCOME,OTHER,DECEMBER,
loan,2021,INCOME,OTHER,DECEMBER,1700.0
Other,2024,INCOME,OTHER,DECEMBER,
Other,2023,INCOME,OTHER,DECEMBER,
Other,2022,INCOME,OTHER,DECEMBER,
Other,2021,INCOME,OTHER,DECEMBER,
Other,2022,EXPENSE,OTHER,DECEMBER,
Other USAA,2024,BANK,CARD,DECEMBER,
Other USAA,2023,BANK,CARD,DECEMBER,
Phone,2024,EXPENSE,UTILITY,DECEMBER,
Phone,2023,EXPENSE,UTILITY,DECEMBER,72.87
Phone,2022,EXPENSE,UTILITY,DECEMBER,
Phone,2021,EXPENSE,UTILITY,DECEMBER,
Refunds/Reimbursements,2024,INCOME,OTHER,DECEMBER,
Refunds/Reimbursements,2023,INCOME,OTHER,DECEMBER,6.0
Refunds/Reimbursements,2022,INCOME,OTHER,DECEMBER,
Refunds/Reimbursements,2021,INCOME,OTHER,DECEMBER,
Rent,2023,EXPENSE,RENT,DECEMBER,1075.0
Rent,2022,EXPENSE,RENT,DECEMBER,1030.0
Rent,2021,EXPENSE,RENT,DECEMBER,965.02
Rent,2024,EXPENSE,RENT,DECEMBER,
Stock Purchase Plan,2024,INCOME,EMPLOYEE_BENEFIT,DECEMBER,
Stock Purchase Plan,2023,INCOME,EMPLOYEE_BENEFIT,DECEMBER,
Transfer From Savings,2021,INCOME,OTHER,DECEMBER,
venmo,2024,INCOME,OTHER,DECEMBER,
venmo,2023,INCOME,OTHER,DECEMBER,246.0
venmo,2022,INCOME,OTHER,DECEMBER,
Wage,2024,INCOME,WAGE,DECEMBER,
Wage,2023,INCOME,WAGE,DECEMBER,5182.0
wage,2022,INCOME,WAGE,DECEMBER,
Wage,2021,INCOME,WAGE,DECEMBER,500.0
Water/Sewer/Trash,2024,EXPENSE,UTILITY,DECEMBER,
Water/Sewer/Trash,2023,EXPENSE,UTILITY,DECEMBER,
Water/Sewer/Trash,2022,EXPENSE,UTILITY,DECEMBER,
Water/Sewer/Trash,2021,EXPENSE,UTILITY,DECEMBER,
